{"mean": [-46.02622038125992, 87.33242342310044, 0.001720009896072369, 16.12789947778276, 1.6811700143548434, 5.79523728042841, -1.2167930611165114, 3.398900361605061, -2.353742949827913, 4.070889044281783, -3.070423456203889, 2.573653209990668, -2.4884860656750885, 2.524913055550994, -2.1743102016524203, 1.7484084214761997, -1.921393251390133, 1.9252668309558942, -2.0248914686330024, 1.84781366962831, 53.178695419459665, 30.09855307421638, 20.33892363946415, 13.968357697273921, 11.701657184119364, 10.98845316136925, 9.590791142102583, 9.202557003613814, 8.557265707590048, 8.257400526583773, 7.9747852399511245, 7.701756426431601, 7.654646109608771, 7.547080470520315, 7.328269754798667, 7.183071247582297, 7.139211886137435, 7.074229004313644, 7.131899009630518, 7.016391323608103, 2546.1334708500835, 5404.672893042703, 0.10910451028821538, 0.4273981839707754, 0.3920852767611013, 0.38072338975170283, 0.40859970768678533, 0.4008847816476544, 0.41309630067892444, 0.38657566181664327, 0.40464161647465624, 0.4230206871350992, 0.42482088940236173, 0.41565350927774186, 0.40788517096667615, 119.40063669149158, 0.25350689848215835], "scale": [73.31427936956595, 30.104378920625166, 16.95189865989958, 8.480933252335134, 8.155760031317804, 7.7700628422964035, 6.903275406788, 6.280074300664381, 5.3287343277415955, 5.63565448530542, 4.871746817316852, 4.755343673328211, 4.218260945832449, 4.062247665507208, 3.5394360134830056, 3.8927730565119543, 3.52516227856908, 3.434854712107392, 3.6191281951039467, 4.118459625255498, 18.94616770747611, 11.107330485989795, 6.68027325687004, 4.313804662490531, 3.5432905443476885, 3.5542841713077418, 2.7921755495855907, 2.4447545473161525, 2.1935800396335994, 1.896923411553759, 1.6693237779460792, 1.5861609138569297, 2.0355320069314584, 1.9905555986818833, 1.7111887244851731, 1.6621437703203257, 1.7592469023187682, 1.5908000900257246, 1.6354469970455263, 1.4825046762633811, 648.5556261728246, 1368.9307222612535, 0.04074266965028393, 0.12938669714658252, 0.11597045893793607, 0.11466031975511519, 0.12956687681456627, 0.13028879803980453, 0.1586096124467734, 0.1383236546090171, 0.1333015936355116, 0.15345767889978637, 0.153555193662052, 0.1413560000731232, 0.12897952430874532, 32.95788898398799, 0.0921354736866486]}